<?xml version="1.0" encoding="UTF-8"?>
<!DOCTYPE mapper PUBLIC "-//mybatis.org//DTD Mapper 3.0//EN" "http://mybatis.org/dtd/mybatis-3-mapper.dtd">
<mapper namespace="com.zhang.ssmschoolshop.dao.AddressMapper">
  <resultMap id="BaseResultMap" type="com.zhang.ssmschoolshop.entity.Address">
    <id column="addressID" jdbcType="INTEGER" property="addressid" />
    <result column="userId" jdbcType="INTEGER" property="userid" />
    <result column="province" jdbcType="VARCHAR" property="province" />
    <result column="city" jdbcType="VARCHAR" property="city" />
    <result column="county" jdbcType="VARCHAR" property="county" />
    <result column="detailAddr" jdbcType="VARCHAR" property="detailaddr" />
    <result column="conName" jdbcType="VARCHAR" property="conname" />
    <result column="conTel" jdbcType="VARCHAR" property="contel" />
  </resultMap>
  <sql id="Example_Where_Clause">
    <where>
      <foreach collection="oredCriteria" item="criteria" separator="or">
        <if test="criteria.valid">
          <trim prefix="(" prefixOverrides="and" suffix=")">
            <foreach collection="criteria.criteria" item="criterion">
              <choose>
                <when test="criterion.noValue">
                  and ${criterion.condition}
                </when>
                <when test="criterion.singleValue">
                  and ${criterion.condition} #{criterion.value}
                </when>
                <when test="criterion.betweenValue">
                  and ${criterion.condition} #{criterion.value} and #{criterion.secondValue}
                </when>
                <when test="criterion.listValue">
                  and ${criterion.condition}
                  <foreach close=")" collection="criterion.value" item="listItem" open="(" separator=",">
                    #{listItem}
                  </foreach>
                </when>
              </choose>
            </foreach>
          </trim>
        </if>
      </foreach>
    </where>
  </sql>
  <sql id="Update_By_Example_Where_Clause">
    <where>
      <foreach collection="example.oredCriteria" item="criteria" separator="or">
        <if test="criteria.valid">
          <trim prefix="(" prefixOverrides="and" suffix=")">
            <foreach collection="criteria.criteria" item="criterion">
              <choose>
                <when test="criterion.noValue">
                  and ${criterion.condition}
                </when>
                <when test="criterion.singleValue">
                  and ${criterion.condition} #{criterion.value}
                </when>
                <when test="criterion.betweenValue">
                  and ${criterion.condition} #{criterion.value} and #{criterion.secondValue}
                </when>
                <when test="criterion.listValue">
                  and ${criterion.condition}
                  <foreach close=")" collection="criterion.value" item="listItem" open="(" separator=",">
                    #{listItem}
                  </foreach>
                </when>
              </choose>
            </foreach>
          </trim>
        </if>
      </foreach>
    </where>
  </sql>
  <sql id="Base_Column_List">
    addressID, userId, province, city, county, detailAddr, conName, conTel
  </sql>
  <select id="selectByExample" parameterType="com.zhang.ssmschoolshop.entity.AddressExample" resultMap="BaseResultMap">
    select
    <if test="distinct">
      distinct
    </if>
    <include refid="Base_Column_List" />
    from address
    <if test="_parameter != null">
      <include refid="Example_Where_Clause" />
    </if>
    <if test="orderByClause != null">
      order by ${orderByClause}
    </if>
  </select>
  <select id="selectByPrimaryKey" parameterType="java.lang.Integer" resultMap="BaseResultMap">
    select 
    <include refid="Base_Column_List" />
    from address
    where addressID = #{addressid,jdbcType=INTEGER}
  </select>
  <delete id="deleteByPrimaryKey" parameterType="java.lang.Integer">
    delete from address
    where addressID = #{addressid,jdbcType=INTEGER}
  </delete>
  <delete id="deleteByExample" parameterType="com.zhang.ssmschoolshop.entity.AddressExample">
    delete from address
    <if test="_parameter != null">
      <include refid="Example_Where_Clause" />
    </if>
  </delete>
  <insert id="insert" parameterType="com.zhang.ssmschoolshop.entity.Address">
    insert into address (addressID, userId, province, 
      city, county, detailAddr, 
      conName, conTel)
    values (#{addressid,jdbcType=INTEGER}, #{userid,jdbcType=INTEGER}, #{province,jdbcType=VARCHAR}, 
      #{city,jdbcType=VARCHAR}, #{county,jdbcType=VARCHAR}, #{detailaddr,jdbcType=VARCHAR}, 
      #{conname,jdbcType=VARCHAR}, #{contel,jdbcType=VARCHAR})
  </insert>
  <insert id="insertSelective" parameterType="com.zhang.ssmschoolshop.entity.Address">
    insert into address
    <trim prefix="(" suffix=")" suffixOverrides=",">
      <if test="addressid != null">
        addressID,
      </if>
      <if test="userid != null">
        userId,
      </if>
      <if test="province != null">
        province,
      </if>
      <if test="city != null">
        city,
      </if>
      <if test="county != null">
        county,
      </if>
      <if test="detailaddr != null">
        detailAddr,
      </if>
      <if test="conname != null">
        conName,
      </if>
      <if test="contel != null">
        conTel,
      </if>
    </trim>
    <trim prefix="values (" suffix=")" suffixOverrides=",">
      <if test="addressid != null">
        #{addressid,jdbcType=INTEGER},
      </if>
      <if test="userid != null">
        #{userid,jdbcType=INTEGER},
      </if>
      <if test="province != null">
        #{province,jdbcType=VARCHAR},
      </if>
      <if test="city != null">
        #{city,jdbcType=VARCHAR},
      </if>
      <if test="county != null">
        #{county,jdbcType=VARCHAR},
      </if>
      <if test="detailaddr != null">
        #{detailaddr,jdbcType=VARCHAR},
      </if>
      <if test="conname != null">
        #{conname,jdbcType=VARCHAR},
      </if>
      <if test="contel != null">
        #{contel,jdbcType=VARCHAR},
      </if>
    </trim>
  </insert>
  <select id="countByExample" parameterType="com.zhang.ssmschoolshop.entity.AddressExample" resultType="java.lang.Long">
    select count(*) from address
    <if test="_parameter != null">
      <include refid="Example_Where_Clause" />
    </if>
  </select>
  <update id="updateByExampleSelective" parameterType="map">
    update address
    <set>
      <if test="record.addressid != null">
        addressID = #{record.addressid,jdbcType=INTEGER},
      </if>
      <if test="record.userid != null">
        userId = #{record.userid,jdbcType=INTEGER},
      </if>
      <if test="record.province != null">
        province = #{record.province,jdbcType=VARCHAR},
      </if>
      <if test="record.city != null">
        city = #{record.city,jdbcType=VARCHAR},
      </if>
      <if test="record.county != null">
        county = #{record.county,jdbcType=VARCHAR},
      </if>
      <if test="record.detailaddr != null">
        detailAddr = #{record.detailaddr,jdbcType=VARCHAR},
      </if>
      <if test="record.conname != null">
        conName = #{record.conname,jdbcType=VARCHAR},
      </if>
      <if test="record.contel != null">
        conTel = #{record.contel,jdbcType=VARCHAR},
      </if>
    </set>
    <if test="_parameter != null">
      <include refid="Update_By_Example_Where_Clause" />
    </if>
  </update>
  <update id="updateByExample" parameterType="map">
    update address
    set addressID = #{record.addressid,jdbcType=INTEGER},
      userId = #{record.userid,jdbcType=INTEGER},
      province = #{record.province,jdbcType=VARCHAR},
      city = #{record.city,jdbcType=VARCHAR},
      county = #{record.county,jdbcType=VARCHAR},
      detailAddr = #{record.detailaddr,jdbcType=VARCHAR},
      conName = #{record.conname,jdbcType=VARCHAR},
      conTel = #{record.contel,jdbcType=VARCHAR}
    <if test="_parameter != null">
      <include refid="Update_By_Example_Where_Clause" />
    </if>
  </update>
  <update id="updateByPrimaryKeySelective" parameterType="com.zhang.ssmschoolshop.entity.Address">
    update address
    <set>
      <if test="userid != null">
        userId = #{userid,jdbcType=INTEGER},
      </if>
      <if test="province != null">
        province = #{province,jdbcType=VARCHAR},
      </if>
      <if test="city != null">
        city = #{city,jdbcType=VARCHAR},
      </if>
      <if test="county != null">
        county = #{county,jdbcType=VARCHAR},
      </if>
      <if test="detailaddr != null">
        detailAddr = #{detailaddr,jdbcType=VARCHAR},
      </if>
      <if test="conname != null">
        conName = #{conname,jdbcType=VARCHAR},
      </if>
      <if test="contel != null">
        conTel = #{contel,jdbcType=VARCHAR},
      </if>
    </set>
    where addressID = #{addressid,jdbcType=INTEGER}
  </update>
  <update id="updateByPrimaryKey" parameterType="com.zhang.ssmschoolshop.entity.Address">
    update address
    set userId = #{userid,jdbcType=INTEGER},
      province = #{province,jdbcType=VARCHAR},
      city = #{city,jdbcType=VARCHAR},
      county = #{county,jdbcType=VARCHAR},
      detailAddr = #{detailaddr,jdbcType=VARCHAR},
      conName = #{conname,jdbcType=VARCHAR},
      conTel = #{contel,jdbcType=VARCHAR}
    where addressID = #{addressid,jdbcType=INTEGER}
  </update>
</mapper>