<?xml version="1.0" encoding="UTF-8"?>
<!DOCTYPE mapper PUBLIC "-//mybatis.org//DTD Mapper 3.0//EN" "http://mybatis.org/dtd/mybatis-3-mapper.dtd">
<mapper namespace="com.zhang.ssmschoolshop.dao.AdminMapper">
  <resultMap id="BaseResultMap" type="com.zhang.ssmschoolshop.entity.Admin">
    <id column="adminId" jdbcType="INTEGER" property="adminid" />
    <result column="adminName" jdbcType="VARCHAR" property="adminname" />
    <result column="password" jdbcType="VARCHAR" property="password" />
  </resultMap>
  <sql id="Example_Where_Clause">
    <where>
      <foreach collection="oredCriteria" item="criteria" separator="or">
        <if test="criteria.valid">
          <trim prefix="(" prefixOverrides="and" suffix=")">
            <foreach collection="criteria.criteria" item="criterion">
              <choose>
                <when test="criterion.noValue">
                  and ${criterion.condition}
                </when>
                <when test="criterion.singleValue">
                  and ${criterion.condition} #{criterion.value}
                </when>
                <when test="criterion.betweenValue">
                  and ${criterion.condition} #{criterion.value} and #{criterion.secondValue}
                </when>
                <when test="criterion.listValue">
                  and ${criterion.condition}
                  <foreach close=")" collection="criterion.value" item="listItem" open="(" separator=",">
                    #{listItem}
                  </foreach>
                </when>
              </choose>
            </foreach>
          </trim>
        </if>
      </foreach>
    </where>
  </sql>
  <sql id="Update_By_Example_Where_Clause">
    <where>
      <foreach collection="example.oredCriteria" item="criteria" separator="or">
        <if test="criteria.valid">
          <trim prefix="(" prefixOverrides="and" suffix=")">
            <foreach collection="criteria.criteria" item="criterion">
              <choose>
                <when test="criterion.noValue">
                  and ${criterion.condition}
                </when>
                <when test="criterion.singleValue">
                  and ${criterion.condition} #{criterion.value}
                </when>
                <when test="criterion.betweenValue">
                  and ${criterion.condition} #{criterion.value} and #{criterion.secondValue}
                </when>
                <when test="criterion.listValue">
                  and ${criterion.condition}
                  <foreach close=")" collection="criterion.value" item="listItem" open="(" separator=",">
                    #{listItem}
                  </foreach>
                </when>
              </choose>
            </foreach>
          </trim>
        </if>
      </foreach>
    </where>
  </sql>
  <sql id="Base_Column_List">
    adminId, adminName, password
  </sql>
  <select id="selectByExample" parameterType="com.zhang.ssmschoolshop.entity.AdminExample" resultMap="BaseResultMap">
    select
    <if test="distinct">
      distinct
    </if>
    <include refid="Base_Column_List" />
    from admin
    <if test="_parameter != null">
      <include refid="Example_Where_Clause" />
    </if>
    <if test="orderByClause != null">
      order by ${orderByClause}
    </if>
  </select>
  <select id="selectByPrimaryKey" parameterType="java.lang.Integer" resultMap="BaseResultMap">
    select 
    <include refid="Base_Column_List" />
    from admin
    where adminId = #{adminid,jdbcType=INTEGER}
  </select>
  <select id="selectByName" parameterType="com.zhang.ssmschoolshop.entity.Admin" resultMap="BaseResultMap">
    select
    <include refid="Base_Column_List" />
    from admin
    where adminName = #{adminname}
    <if test="password != null">
      and password = #{password}
    </if>
  </select>
  <delete id="deleteByPrimaryKey" parameterType="java.lang.Integer">
    delete from admin
    where adminId = #{adminid,jdbcType=INTEGER}
  </delete>
  <delete id="deleteByExample" parameterType="com.zhang.ssmschoolshop.entity.AdminExample">
    delete from admin
    <if test="_parameter != null">
      <include refid="Example_Where_Clause" />
    </if>
  </delete>
  <insert id="insert" parameterType="com.zhang.ssmschoolshop.entity.Admin">
    insert into admin (adminId, adminName, password
      )
    values (#{adminid,jdbcType=INTEGER}, #{adminname,jdbcType=VARCHAR}, #{password,jdbcType=VARCHAR}
      )
  </insert>
  <insert id="insertSelective" parameterType="com.zhang.ssmschoolshop.entity.Admin">
    insert into admin
    <trim prefix="(" suffix=")" suffixOverrides=",">
      <if test="adminid != null">
        adminId,
      </if>
      <if test="adminname != null">
        adminName,
      </if>
      <if test="password != null">
        password,
      </if>
    </trim>
    <trim prefix="values (" suffix=")" suffixOverrides=",">
      <if test="adminid != null">
        #{adminid,jdbcType=INTEGER},
      </if>
      <if test="adminname != null">
        #{adminname,jdbcType=VARCHAR},
      </if>
      <if test="password != null">
        #{password,jdbcType=VARCHAR},
      </if>
    </trim>
  </insert>
  <select id="countByExample" parameterType="com.zhang.ssmschoolshop.entity.AdminExample" resultType="java.lang.Long">
    select count(*) from admin
    <if test="_parameter != null">
      <include refid="Example_Where_Clause" />
    </if>
  </select>
  <update id="updateByExampleSelective" parameterType="map">
    update admin
    <set>
      <if test="record.adminid != null">
        adminId = #{record.adminid,jdbcType=INTEGER},
      </if>
      <if test="record.adminname != null">
        adminName = #{record.adminname,jdbcType=VARCHAR},
      </if>
      <if test="record.password != null">
        password = #{record.password,jdbcType=VARCHAR},
      </if>
    </set>
    <if test="_parameter != null">
      <include refid="Update_By_Example_Where_Clause" />
    </if>
  </update>
  <update id="updateByExample" parameterType="map">
    update admin
    set adminId = #{record.adminid,jdbcType=INTEGER},
      adminName = #{record.adminname,jdbcType=VARCHAR},
      password = #{record.password,jdbcType=VARCHAR}
    <if test="_parameter != null">
      <include refid="Update_By_Example_Where_Clause" />
    </if>
  </update>
  <update id="updateByPrimaryKeySelective" parameterType="com.zhang.ssmschoolshop.entity.Admin">
    update admin
    <set>
      <if test="adminname != null">
        adminName = #{adminname,jdbcType=VARCHAR},
      </if>
      <if test="password != null">
        password = #{password,jdbcType=VARCHAR},
      </if>
    </set>
    where adminId = #{adminid,jdbcType=INTEGER}
  </update>
  <update id="updateByPrimaryKey" parameterType="com.zhang.ssmschoolshop.entity.Admin">
    update admin
    set adminName = #{adminname,jdbcType=VARCHAR},
      password = #{password,jdbcType=VARCHAR}
    where adminId = #{adminid,jdbcType=INTEGER}
  </update>
</mapper>