<?xml version="1.0" encoding="UTF-8"?>
<!DOCTYPE mapper PUBLIC "-//mybatis.org//DTD Mapper 3.0//EN" "http://mybatis.org/dtd/mybatis-3-mapper.dtd">
<mapper namespace="com.zhang.ssmschoolshop.dao.CommentMapper">
  <resultMap id="BaseResultMap" type="com.zhang.ssmschoolshop.entity.Comment">
    <id column="commentId" jdbcType="INTEGER" property="commentid" />
    <result column="userId" jdbcType="INTEGER" property="userid" />
    <result column="goodsId" jdbcType="INTEGER" property="goodsid" />
    <result column="point" jdbcType="INTEGER" property="point" />
    <result column="content" jdbcType="VARCHAR" property="content" />
    <result column="commentTime" jdbcType="TIMESTAMP" property="commenttime" />
  </resultMap>
  <sql id="Example_Where_Clause">
    <where>
      <foreach collection="oredCriteria" item="criteria" separator="or">
        <if test="criteria.valid">
          <trim prefix="(" prefixOverrides="and" suffix=")">
            <foreach collection="criteria.criteria" item="criterion">
              <choose>
                <when test="criterion.noValue">
                  and ${criterion.condition}
                </when>
                <when test="criterion.singleValue">
                  and ${criterion.condition} #{criterion.value}
                </when>
                <when test="criterion.betweenValue">
                  and ${criterion.condition} #{criterion.value} and #{criterion.secondValue}
                </when>
                <when test="criterion.listValue">
                  and ${criterion.condition}
                  <foreach close=")" collection="criterion.value" item="listItem" open="(" separator=",">
                    #{listItem}
                  </foreach>
                </when>
              </choose>
            </foreach>
          </trim>
        </if>
      </foreach>
    </where>
  </sql>
  <sql id="Update_By_Example_Where_Clause">
    <where>
      <foreach collection="example.oredCriteria" item="criteria" separator="or">
        <if test="criteria.valid">
          <trim prefix="(" prefixOverrides="and" suffix=")">
            <foreach collection="criteria.criteria" item="criterion">
              <choose>
                <when test="criterion.noValue">
                  and ${criterion.condition}
                </when>
                <when test="criterion.singleValue">
                  and ${criterion.condition} #{criterion.value}
                </when>
                <when test="criterion.betweenValue">
                  and ${criterion.condition} #{criterion.value} and #{criterion.secondValue}
                </when>
                <when test="criterion.listValue">
                  and ${criterion.condition}
                  <foreach close=")" collection="criterion.value" item="listItem" open="(" separator=",">
                    #{listItem}
                  </foreach>
                </when>
              </choose>
            </foreach>
          </trim>
        </if>
      </foreach>
    </where>
  </sql>
  <sql id="Base_Column_List">
    commentId, userId, goodsId, point, content, commentTime
  </sql>
  <select id="selectByExample" parameterType="com.zhang.ssmschoolshop.entity.CommentExample" resultMap="BaseResultMap">
    select
    <if test="distinct">
      distinct
    </if>
    <include refid="Base_Column_List" />
    from comment
    <if test="_parameter != null">
      <include refid="Example_Where_Clause" />
    </if>
    <if test="orderByClause != null">
      order by ${orderByClause}
    </if>
  </select>
  <select id="selectByPrimaryKey" parameterType="java.lang.Integer" resultMap="BaseResultMap">
    select 
    <include refid="Base_Column_List" />
    from comment
    where commentId = #{commentid,jdbcType=INTEGER}
  </select>
  <delete id="deleteByPrimaryKey" parameterType="java.lang.Integer">
    delete from comment
    where commentId = #{commentid,jdbcType=INTEGER}
  </delete>
  <delete id="deleteByExample" parameterType="com.zhang.ssmschoolshop.entity.CommentExample">
    delete from comment
    <if test="_parameter != null">
      <include refid="Example_Where_Clause" />
    </if>
  </delete>
  <insert id="insert" parameterType="com.zhang.ssmschoolshop.entity.Comment">
    insert into comment (commentId, userId, goodsId, 
      point, content, commentTime
      )
    values (#{commentid,jdbcType=INTEGER}, #{userid,jdbcType=INTEGER}, #{goodsid,jdbcType=INTEGER}, 
      #{point,jdbcType=INTEGER}, #{content,jdbcType=VARCHAR}, #{commenttime,jdbcType=TIMESTAMP}
      )
  </insert>
  <insert id="insertSelective" parameterType="com.zhang.ssmschoolshop.entity.Comment">
    insert into comment
    <trim prefix="(" suffix=")" suffixOverrides=",">
      <if test="commentid != null">
        commentId,
      </if>
      <if test="userid != null">
        userId,
      </if>
      <if test="goodsid != null">
        goodsId,
      </if>
      <if test="point != null">
        point,
      </if>
      <if test="content != null">
        content,
      </if>
      <if test="commenttime != null">
        commentTime,
      </if>
    </trim>
    <trim prefix="values (" suffix=")" suffixOverrides=",">
      <if test="commentid != null">
        #{commentid,jdbcType=INTEGER},
      </if>
      <if test="userid != null">
        #{userid,jdbcType=INTEGER},
      </if>
      <if test="goodsid != null">
        #{goodsid,jdbcType=INTEGER},
      </if>
      <if test="point != null">
        #{point,jdbcType=INTEGER},
      </if>
      <if test="content != null">
        #{content,jdbcType=VARCHAR},
      </if>
      <if test="commenttime != null">
        #{commenttime,jdbcType=TIMESTAMP},
      </if>
    </trim>
  </insert>
  <select id="countByExample" parameterType="com.zhang.ssmschoolshop.entity.CommentExample" resultType="java.lang.Long">
    select count(*) from comment
    <if test="_parameter != null">
      <include refid="Example_Where_Clause" />
    </if>
  </select>
  <update id="updateByExampleSelective" parameterType="map">
    update comment
    <set>
      <if test="record.commentid != null">
        commentId = #{record.commentid,jdbcType=INTEGER},
      </if>
      <if test="record.userid != null">
        userId = #{record.userid,jdbcType=INTEGER},
      </if>
      <if test="record.goodsid != null">
        goodsId = #{record.goodsid,jdbcType=INTEGER},
      </if>
      <if test="record.point != null">
        point = #{record.point,jdbcType=INTEGER},
      </if>
      <if test="record.content != null">
        content = #{record.content,jdbcType=VARCHAR},
      </if>
      <if test="record.commenttime != null">
        commentTime = #{record.commenttime,jdbcType=TIMESTAMP},
      </if>
    </set>
    <if test="_parameter != null">
      <include refid="Update_By_Example_Where_Clause" />
    </if>
  </update>
  <update id="updateByExample" parameterType="map">
    update comment
    set commentId = #{record.commentid,jdbcType=INTEGER},
      userId = #{record.userid,jdbcType=INTEGER},
      goodsId = #{record.goodsid,jdbcType=INTEGER},
      point = #{record.point,jdbcType=INTEGER},
      content = #{record.content,jdbcType=VARCHAR},
      commentTime = #{record.commenttime,jdbcType=TIMESTAMP}
    <if test="_parameter != null">
      <include refid="Update_By_Example_Where_Clause" />
    </if>
  </update>
  <update id="updateByPrimaryKeySelective" parameterType="com.zhang.ssmschoolshop.entity.Comment">
    update comment
    <set>
      <if test="userid != null">
        userId = #{userid,jdbcType=INTEGER},
      </if>
      <if test="goodsid != null">
        goodsId = #{goodsid,jdbcType=INTEGER},
      </if>
      <if test="point != null">
        point = #{point,jdbcType=INTEGER},
      </if>
      <if test="content != null">
        content = #{content,jdbcType=VARCHAR},
      </if>
      <if test="commenttime != null">
        commentTime = #{commenttime,jdbcType=TIMESTAMP},
      </if>
    </set>
    where commentId = #{commentid,jdbcType=INTEGER}
  </update>
  <update id="updateByPrimaryKey" parameterType="com.zhang.ssmschoolshop.entity.Comment">
    update comment
    set userId = #{userid,jdbcType=INTEGER},
      goodsId = #{goodsid,jdbcType=INTEGER},
      point = #{point,jdbcType=INTEGER},
      content = #{content,jdbcType=VARCHAR},
      commentTime = #{commenttime,jdbcType=TIMESTAMP}
    where commentId = #{commentid,jdbcType=INTEGER}
  </update>
</mapper>