<?xml version="1.0" encoding="UTF-8"?>
<!DOCTYPE mapper PUBLIC "-//mybatis.org//DTD Mapper 3.0//EN" "http://mybatis.org/dtd/mybatis-3-mapper.dtd">
<mapper namespace="com.zhang.ssmschoolshop.dao.ImagePathMapper">
  <resultMap id="BaseResultMap" type="com.zhang.ssmschoolshop.entity.ImagePath">
    <id column="pathId" jdbcType="INTEGER" property="pathid" />
    <result column="goodId" jdbcType="INTEGER" property="goodid" />
    <result column="path" jdbcType="VARCHAR" property="path" />
  </resultMap>
  <sql id="Example_Where_Clause">
    <where>
      <foreach collection="oredCriteria" item="criteria" separator="or">
        <if test="criteria.valid">
          <trim prefix="(" prefixOverrides="and" suffix=")">
            <foreach collection="criteria.criteria" item="criterion">
              <choose>
                <when test="criterion.noValue">
                  and ${criterion.condition}
                </when>
                <when test="criterion.singleValue">
                  and ${criterion.condition} #{criterion.value}
                </when>
                <when test="criterion.betweenValue">
                  and ${criterion.condition} #{criterion.value} and #{criterion.secondValue}
                </when>
                <when test="criterion.listValue">
                  and ${criterion.condition}
                  <foreach close=")" collection="criterion.value" item="listItem" open="(" separator=",">
                    #{listItem}
                  </foreach>
                </when>
              </choose>
            </foreach>
          </trim>
        </if>
      </foreach>
    </where>
  </sql>
  <sql id="Update_By_Example_Where_Clause">
    <where>
      <foreach collection="example.oredCriteria" item="criteria" separator="or">
        <if test="criteria.valid">
          <trim prefix="(" prefixOverrides="and" suffix=")">
            <foreach collection="criteria.criteria" item="criterion">
              <choose>
                <when test="criterion.noValue">
                  and ${criterion.condition}
                </when>
                <when test="criterion.singleValue">
                  and ${criterion.condition} #{criterion.value}
                </when>
                <when test="criterion.betweenValue">
                  and ${criterion.condition} #{criterion.value} and #{criterion.secondValue}
                </when>
                <when test="criterion.listValue">
                  and ${criterion.condition}
                  <foreach close=")" collection="criterion.value" item="listItem" open="(" separator=",">
                    #{listItem}
                  </foreach>
                </when>
              </choose>
            </foreach>
          </trim>
        </if>
      </foreach>
    </where>
  </sql>
  <sql id="Base_Column_List">
    pathId, goodId, path
  </sql>
  <select id="selectByExample" parameterType="com.zhang.ssmschoolshop.entity.ImagePathExample" resultMap="BaseResultMap">
    select
    <if test="distinct">
      distinct
    </if>
    <include refid="Base_Column_List" />
    from imagepath
    <if test="_parameter != null">
      <include refid="Example_Where_Clause" />
    </if>
    <if test="orderByClause != null">
      order by ${orderByClause}
    </if>
  </select>
  <select id="selectByPrimaryKey" parameterType="java.lang.Integer" resultMap="BaseResultMap">
    select 
    <include refid="Base_Column_List" />
    from imagepath
    where pathId = #{pathid,jdbcType=INTEGER}
  </select>
  <delete id="deleteByPrimaryKey" parameterType="java.lang.Integer">
    delete from imagepath
    where pathId = #{pathid,jdbcType=INTEGER}
  </delete>
  <delete id="deleteByExample" parameterType="com.zhang.ssmschoolshop.entity.ImagePathExample">
    delete from imagepath
    <if test="_parameter != null">
      <include refid="Example_Where_Clause" />
    </if>
  </delete>
  <insert id="insert" parameterType="com.zhang.ssmschoolshop.entity.ImagePath">
    insert into imagepath (pathId, goodId, path
      )
    values (#{pathid,jdbcType=INTEGER}, #{goodid,jdbcType=INTEGER}, #{path,jdbcType=VARCHAR}
      )
  </insert>
  <insert id="insertSelective" parameterType="com.zhang.ssmschoolshop.entity.ImagePath">
    insert into imagepath
    <trim prefix="(" suffix=")" suffixOverrides=",">
      <if test="pathid != null">
        pathId,
      </if>
      <if test="goodid != null">
        goodId,
      </if>
      <if test="path != null">
        path,
      </if>
    </trim>
    <trim prefix="values (" suffix=")" suffixOverrides=",">
      <if test="pathid != null">
        #{pathid,jdbcType=INTEGER},
      </if>
      <if test="goodid != null">
        #{goodid,jdbcType=INTEGER},
      </if>
      <if test="path != null">
        #{path,jdbcType=VARCHAR},
      </if>
    </trim>
  </insert>
  <select id="countByExample" parameterType="com.zhang.ssmschoolshop.entity.ImagePathExample" resultType="java.lang.Long">
    select count(*) from imagepath
    <if test="_parameter != null">
      <include refid="Example_Where_Clause" />
    </if>
  </select>
  <update id="updateByExampleSelective" parameterType="map">
    update imagepath
    <set>
      <if test="record.pathid != null">
        pathId = #{record.pathid,jdbcType=INTEGER},
      </if>
      <if test="record.goodid != null">
        goodId = #{record.goodid,jdbcType=INTEGER},
      </if>
      <if test="record.path != null">
        path = #{record.path,jdbcType=VARCHAR},
      </if>
    </set>
    <if test="_parameter != null">
      <include refid="Update_By_Example_Where_Clause" />
    </if>
  </update>
  <update id="updateByExample" parameterType="map">
    update imagepath
    set pathId = #{record.pathid,jdbcType=INTEGER},
      goodId = #{record.goodid,jdbcType=INTEGER},
      path = #{record.path,jdbcType=VARCHAR}
    <if test="_parameter != null">
      <include refid="Update_By_Example_Where_Clause" />
    </if>
  </update>
  <update id="updateByPrimaryKeySelective" parameterType="com.zhang.ssmschoolshop.entity.ImagePath">
    update imagepath
    <set>
      <if test="goodid != null">
        goodId = #{goodid,jdbcType=INTEGER},
      </if>
      <if test="path != null">
        path = #{path,jdbcType=VARCHAR},
      </if>
    </set>
    where pathId = #{pathid,jdbcType=INTEGER}
  </update>
  <update id="updateByPrimaryKey" parameterType="com.zhang.ssmschoolshop.entity.ImagePath">
    update imagepath
    set goodId = #{goodid,jdbcType=INTEGER},
      path = #{path,jdbcType=VARCHAR}
    where pathId = #{pathid,jdbcType=INTEGER}
  </update>
</mapper>