<?xml version="1.0" encoding="UTF-8"?>
<!DOCTYPE mapper PUBLIC "-//mybatis.org//DTD Mapper 3.0//EN" "http://mybatis.org/dtd/mybatis-3-mapper.dtd">
<mapper namespace="com.zhang.ssmschoolshop.dao.OrderItemMapper">
  <resultMap id="BaseResultMap" type="com.zhang.ssmschoolshop.entity.OrderItem">
    <id column="itemId" jdbcType="INTEGER" property="itemid" />
    <result column="orderId" jdbcType="INTEGER" property="orderid" />
    <result column="goodsId" jdbcType="INTEGER" property="goodsid" />
    <result column="num" jdbcType="INTEGER" property="num" />
  </resultMap>
  <sql id="Example_Where_Clause">
    <where>
      <foreach collection="oredCriteria" item="criteria" separator="or">
        <if test="criteria.valid">
          <trim prefix="(" prefixOverrides="and" suffix=")">
            <foreach collection="criteria.criteria" item="criterion">
              <choose>
                <when test="criterion.noValue">
                  and ${criterion.condition}
                </when>
                <when test="criterion.singleValue">
                  and ${criterion.condition} #{criterion.value}
                </when>
                <when test="criterion.betweenValue">
                  and ${criterion.condition} #{criterion.value} and #{criterion.secondValue}
                </when>
                <when test="criterion.listValue">
                  and ${criterion.condition}
                  <foreach close=")" collection="criterion.value" item="listItem" open="(" separator=",">
                    #{listItem}
                  </foreach>
                </when>
              </choose>
            </foreach>
          </trim>
        </if>
      </foreach>
    </where>
  </sql>
  <sql id="Update_By_Example_Where_Clause">
    <where>
      <foreach collection="example.oredCriteria" item="criteria" separator="or">
        <if test="criteria.valid">
          <trim prefix="(" prefixOverrides="and" suffix=")">
            <foreach collection="criteria.criteria" item="criterion">
              <choose>
                <when test="criterion.noValue">
                  and ${criterion.condition}
                </when>
                <when test="criterion.singleValue">
                  and ${criterion.condition} #{criterion.value}
                </when>
                <when test="criterion.betweenValue">
                  and ${criterion.condition} #{criterion.value} and #{criterion.secondValue}
                </when>
                <when test="criterion.listValue">
                  and ${criterion.condition}
                  <foreach close=")" collection="criterion.value" item="listItem" open="(" separator=",">
                    #{listItem}
                  </foreach>
                </when>
              </choose>
            </foreach>
          </trim>
        </if>
      </foreach>
    </where>
  </sql>
  <sql id="Base_Column_List">
    itemId, orderId, goodsId, num
  </sql>
  <select id="selectByExample" parameterType="com.zhang.ssmschoolshop.entity.OrderItemExample" resultMap="BaseResultMap">
    select
    <if test="distinct">
      distinct
    </if>
    <include refid="Base_Column_List" />
    from orderitem
    <if test="_parameter != null">
      <include refid="Example_Where_Clause" />
    </if>
    <if test="orderByClause != null">
      order by ${orderByClause}
    </if>
  </select>
  <select id="selectByPrimaryKey" parameterType="java.lang.Integer" resultMap="BaseResultMap">
    select 
    <include refid="Base_Column_List" />
    from orderitem
    where itemId = #{itemid,jdbcType=INTEGER}
  </select>
  <delete id="deleteByPrimaryKey" parameterType="java.lang.Integer">
    delete from orderitem
    where itemId = #{itemid,jdbcType=INTEGER}
  </delete>
  <delete id="deleteByExample" parameterType="com.zhang.ssmschoolshop.entity.OrderItemExample">
    delete from orderitem
    <if test="_parameter != null">
      <include refid="Example_Where_Clause" />
    </if>
  </delete>
  <insert id="insert" parameterType="com.zhang.ssmschoolshop.entity.OrderItem">
    insert into orderitem (itemId, orderId, goodsId, 
      num)
    values (#{itemid,jdbcType=INTEGER}, #{orderid,jdbcType=INTEGER}, #{goodsid,jdbcType=INTEGER}, 
      #{num,jdbcType=INTEGER})
  </insert>
  <insert id="insertSelective" parameterType="com.zhang.ssmschoolshop.entity.OrderItem">
    insert into orderitem
    <trim prefix="(" suffix=")" suffixOverrides=",">
      <if test="itemid != null">
        itemId,
      </if>
      <if test="orderid != null">
        orderId,
      </if>
      <if test="goodsid != null">
        goodsId,
      </if>
      <if test="num != null">
        num,
      </if>
    </trim>
    <trim prefix="values (" suffix=")" suffixOverrides=",">
      <if test="itemid != null">
        #{itemid,jdbcType=INTEGER},
      </if>
      <if test="orderid != null">
        #{orderid,jdbcType=INTEGER},
      </if>
      <if test="goodsid != null">
        #{goodsid,jdbcType=INTEGER},
      </if>
      <if test="num != null">
        #{num,jdbcType=INTEGER},
      </if>
    </trim>
  </insert>
  <select id="countByExample" parameterType="com.zhang.ssmschoolshop.entity.OrderItemExample" resultType="java.lang.Long">
    select count(*) from orderitem
    <if test="_parameter != null">
      <include refid="Example_Where_Clause" />
    </if>
  </select>
  <update id="updateByExampleSelective" parameterType="map">
    update orderitem
    <set>
      <if test="record.itemid != null">
        itemId = #{record.itemid,jdbcType=INTEGER},
      </if>
      <if test="record.orderid != null">
        orderId = #{record.orderid,jdbcType=INTEGER},
      </if>
      <if test="record.goodsid != null">
        goodsId = #{record.goodsid,jdbcType=INTEGER},
      </if>
      <if test="record.num != null">
        num = #{record.num,jdbcType=INTEGER},
      </if>
    </set>
    <if test="_parameter != null">
      <include refid="Update_By_Example_Where_Clause" />
    </if>
  </update>
  <update id="updateByExample" parameterType="map">
    update orderitem
    set itemId = #{record.itemid,jdbcType=INTEGER},
      orderId = #{record.orderid,jdbcType=INTEGER},
      goodsId = #{record.goodsid,jdbcType=INTEGER},
      num = #{record.num,jdbcType=INTEGER}
    <if test="_parameter != null">
      <include refid="Update_By_Example_Where_Clause" />
    </if>
  </update>
  <update id="updateByPrimaryKeySelective" parameterType="com.zhang.ssmschoolshop.entity.OrderItem">
    update orderitem
    <set>
      <if test="orderid != null">
        orderId = #{orderid,jdbcType=INTEGER},
      </if>
      <if test="goodsid != null">
        goodsId = #{goodsid,jdbcType=INTEGER},
      </if>
      <if test="num != null">
        num = #{num,jdbcType=INTEGER},
      </if>
    </set>
    where itemId = #{itemid,jdbcType=INTEGER}
  </update>
  <update id="updateByPrimaryKey" parameterType="com.zhang.ssmschoolshop.entity.OrderItem">
    update orderitem
    set orderId = #{orderid,jdbcType=INTEGER},
      goodsId = #{goodsid,jdbcType=INTEGER},
      num = #{num,jdbcType=INTEGER}
    where itemId = #{itemid,jdbcType=INTEGER}
  </update>
</mapper>