<?xml version="1.0" encoding="UTF-8"?>
<!DOCTYPE mapper PUBLIC "-//mybatis.org//DTD Mapper 3.0//EN" "http://mybatis.org/dtd/mybatis-3-mapper.dtd">
<mapper namespace="com.zhang.ssmschoolshop.dao.ShopCartMapper">
  <resultMap id="BaseResultMap" type="com.zhang.ssmschoolshop.entity.ShopCart">
    <id column="userId" jdbcType="INTEGER" property="userid" />
    <id column="goodsid" jdbcType="INTEGER" property="goodsid" />
    <result column="cateDate" jdbcType="TIMESTAMP" property="catedate" />
    <result column="goodsNum" jdbcType="INTEGER" property="goodsnum" />
  </resultMap>
  <sql id="Example_Where_Clause">
    <where>
      <foreach collection="oredCriteria" item="criteria" separator="or">
        <if test="criteria.valid">
          <trim prefix="(" prefixOverrides="and" suffix=")">
            <foreach collection="criteria.criteria" item="criterion">
              <choose>
                <when test="criterion.noValue">
                  and ${criterion.condition}
                </when>
                <when test="criterion.singleValue">
                  and ${criterion.condition} #{criterion.value}
                </when>
                <when test="criterion.betweenValue">
                  and ${criterion.condition} #{criterion.value} and #{criterion.secondValue}
                </when>
                <when test="criterion.listValue">
                  and ${criterion.condition}
                  <foreach close=")" collection="criterion.value" item="listItem" open="(" separator=",">
                    #{listItem}
                  </foreach>
                </when>
              </choose>
            </foreach>
          </trim>
        </if>
      </foreach>
    </where>
  </sql>
  <sql id="Update_By_Example_Where_Clause">
    <where>
      <foreach collection="example.oredCriteria" item="criteria" separator="or">
        <if test="criteria.valid">
          <trim prefix="(" prefixOverrides="and" suffix=")">
            <foreach collection="criteria.criteria" item="criterion">
              <choose>
                <when test="criterion.noValue">
                  and ${criterion.condition}
                </when>
                <when test="criterion.singleValue">
                  and ${criterion.condition} #{criterion.value}
                </when>
                <when test="criterion.betweenValue">
                  and ${criterion.condition} #{criterion.value} and #{criterion.secondValue}
                </when>
                <when test="criterion.listValue">
                  and ${criterion.condition}
                  <foreach close=")" collection="criterion.value" item="listItem" open="(" separator=",">
                    #{listItem}
                  </foreach>
                </when>
              </choose>
            </foreach>
          </trim>
        </if>
      </foreach>
    </where>
  </sql>
  <sql id="Base_Column_List">
    userId, goodsid, cateDate, goodsNum
  </sql>
  <select id="selectByExample" parameterType="com.zhang.ssmschoolshop.entity.ShopCartExample" resultMap="BaseResultMap">
    select
    <if test="distinct">
      distinct
    </if>
    <include refid="Base_Column_List" />
    from shopcart
    <if test="_parameter != null">
      <include refid="Example_Where_Clause" />
    </if>
    <if test="orderByClause != null">
      order by ${orderByClause}
    </if>
  </select>
  <select id="selectByPrimaryKey" parameterType="com.zhang.ssmschoolshop.entity.ShopCartKey" resultMap="BaseResultMap">
    select 
    <include refid="Base_Column_List" />
    from shopcart
    where userId = #{userid,jdbcType=INTEGER}
      and goodsid = #{goodsid,jdbcType=INTEGER}
  </select>
  <delete id="deleteByPrimaryKey" parameterType="com.zhang.ssmschoolshop.entity.ShopCartKey">
    delete from shopcart
    where userId = #{userid,jdbcType=INTEGER}
      and goodsid = #{goodsid,jdbcType=INTEGER}
  </delete>
  <delete id="deleteByExample" parameterType="com.zhang.ssmschoolshop.entity.ShopCartExample">
    delete from shopcart
    <if test="_parameter != null">
      <include refid="Example_Where_Clause" />
    </if>
  </delete>
  <insert id="insert" parameterType="com.zhang.ssmschoolshop.entity.ShopCart">
    insert into shopcart (userId, goodsid, cateDate, 
      goodsNum)
    values (#{userid,jdbcType=INTEGER}, #{goodsid,jdbcType=INTEGER}, #{catedate,jdbcType=TIMESTAMP}, 
      #{goodsnum,jdbcType=INTEGER})
  </insert>
  <insert id="insertSelective" parameterType="com.zhang.ssmschoolshop.entity.ShopCart">
    insert into shopcart
    <trim prefix="(" suffix=")" suffixOverrides=",">
      <if test="userid != null">
        userId,
      </if>
      <if test="goodsid != null">
        goodsid,
      </if>
      <if test="catedate != null">
        cateDate,
      </if>
      <if test="goodsnum != null">
        goodsNum,
      </if>
    </trim>
    <trim prefix="values (" suffix=")" suffixOverrides=",">
      <if test="userid != null">
        #{userid,jdbcType=INTEGER},
      </if>
      <if test="goodsid != null">
        #{goodsid,jdbcType=INTEGER},
      </if>
      <if test="catedate != null">
        #{catedate,jdbcType=TIMESTAMP},
      </if>
      <if test="goodsnum != null">
        #{goodsnum,jdbcType=INTEGER},
      </if>
    </trim>
  </insert>
  <select id="countByExample" parameterType="com.zhang.ssmschoolshop.entity.ShopCartExample" resultType="java.lang.Long">
    select count(*) from shopcart
    <if test="_parameter != null">
      <include refid="Example_Where_Clause" />
    </if>
  </select>
  <update id="updateByExampleSelective" parameterType="map">
    update shopcart
    <set>
      <if test="record.userid != null">
        userId = #{record.userid,jdbcType=INTEGER},
      </if>
      <if test="record.goodsid != null">
        goodsid = #{record.goodsid,jdbcType=INTEGER},
      </if>
      <if test="record.catedate != null">
        cateDate = #{record.catedate,jdbcType=TIMESTAMP},
      </if>
      <if test="record.goodsnum != null">
        goodsNum = #{record.goodsnum,jdbcType=INTEGER},
      </if>
    </set>
    <if test="_parameter != null">
      <include refid="Update_By_Example_Where_Clause" />
    </if>
  </update>
  <update id="updateByExample" parameterType="map">
    update shopcart
    set userId = #{record.userid,jdbcType=INTEGER},
      goodsid = #{record.goodsid,jdbcType=INTEGER},
      cateDate = #{record.catedate,jdbcType=TIMESTAMP},
      goodsNum = #{record.goodsnum,jdbcType=INTEGER}
    <if test="_parameter != null">
      <include refid="Update_By_Example_Where_Clause" />
    </if>
  </update>
  <update id="updateByPrimaryKeySelective" parameterType="com.zhang.ssmschoolshop.entity.ShopCart">
    update shopcart
    <set>
      <if test="catedate != null">
        cateDate = #{catedate,jdbcType=TIMESTAMP},
      </if>
      <if test="goodsnum != null">
        goodsNum = #{goodsnum,jdbcType=INTEGER},
      </if>
    </set>
    where userId = #{userid,jdbcType=INTEGER}
      and goodsid = #{goodsid,jdbcType=INTEGER}
  </update>
  <update id="updateByPrimaryKey" parameterType="com.zhang.ssmschoolshop.entity.ShopCart">
    update shopcart
    set cateDate = #{catedate,jdbcType=TIMESTAMP},
      goodsNum = #{goodsnum,jdbcType=INTEGER}
    where userId = #{userid,jdbcType=INTEGER}
      and goodsid = #{goodsid,jdbcType=INTEGER}
  </update>
</mapper>