<?xml version="1.0" encoding="UTF-8"?>
<!DOCTYPE mapper PUBLIC "-//mybatis.org//DTD Mapper 3.0//EN" "http://mybatis.org/dtd/mybatis-3-mapper.dtd">
<mapper namespace="com.zhang.ssmschoolshop.dao.UserMapper">
  <resultMap id="BaseResultMap" type="com.zhang.ssmschoolshop.entity.User">
    <id column="userId" jdbcType="INTEGER" property="userid" />
    <result column="username" jdbcType="VARCHAR" property="username" />
    <result column="password" jdbcType="VARCHAR" property="password" />
    <result column="regTime" jdbcType="TIMESTAMP" property="regtime" />
    <result column="email" jdbcType="VARCHAR" property="email" />
    <result column="telephone" jdbcType="VARCHAR" property="telephone" />
  </resultMap>
  <sql id="Example_Where_Clause">
    <where>
      <foreach collection="oredCriteria" item="criteria" separator="or">
        <if test="criteria.valid">
          <trim prefix="(" prefixOverrides="and" suffix=")">
            <foreach collection="criteria.criteria" item="criterion">
              <choose>
                <when test="criterion.noValue">
                  and ${criterion.condition}
                </when>
                <when test="criterion.singleValue">
                  and ${criterion.condition} #{criterion.value}
                </when>
                <when test="criterion.betweenValue">
                  and ${criterion.condition} #{criterion.value} and #{criterion.secondValue}
                </when>
                <when test="criterion.listValue">
                  and ${criterion.condition}
                  <foreach close=")" collection="criterion.value" item="listItem" open="(" separator=",">
                    #{listItem}
                  </foreach>
                </when>
              </choose>
            </foreach>
          </trim>
        </if>
      </foreach>
    </where>
  </sql>
  <sql id="Update_By_Example_Where_Clause">
    <where>
      <foreach collection="example.oredCriteria" item="criteria" separator="or">
        <if test="criteria.valid">
          <trim prefix="(" prefixOverrides="and" suffix=")">
            <foreach collection="criteria.criteria" item="criterion">
              <choose>
                <when test="criterion.noValue">
                  and ${criterion.condition}
                </when>
                <when test="criterion.singleValue">
                  and ${criterion.condition} #{criterion.value}
                </when>
                <when test="criterion.betweenValue">
                  and ${criterion.condition} #{criterion.value} and #{criterion.secondValue}
                </when>
                <when test="criterion.listValue">
                  and ${criterion.condition}
                  <foreach close=")" collection="criterion.value" item="listItem" open="(" separator=",">
                    #{listItem}
                  </foreach>
                </when>
              </choose>
            </foreach>
          </trim>
        </if>
      </foreach>
    </where>
  </sql>
  <sql id="Base_Column_List">
    userId, username, password, regTime, email, telephone
  </sql>
  <select id="selectByExample" parameterType="com.zhang.ssmschoolshop.entity.UserExample" resultMap="BaseResultMap">
    select
    <if test="distinct">
      distinct
    </if>
    <include refid="Base_Column_List" />
    from user
    <if test="_parameter != null">
      <include refid="Example_Where_Clause" />
    </if>
    <if test="orderByClause != null">
      order by ${orderByClause}
    </if>
  </select>
  <select id="selectByPrimaryKey" parameterType="java.lang.Integer" resultMap="BaseResultMap">
    select 
    <include refid="Base_Column_List" />
    from user
    where userId = #{userid,jdbcType=INTEGER}
  </select>
  <delete id="deleteByPrimaryKey" parameterType="java.lang.Integer">
    delete from user
    where userId = #{userid,jdbcType=INTEGER}
  </delete>
  <delete id="deleteByExample" parameterType="com.zhang.ssmschoolshop.entity.UserExample">
    delete from user
    <if test="_parameter != null">
      <include refid="Example_Where_Clause" />
    </if>
  </delete>
  <insert id="insert" parameterType="com.zhang.ssmschoolshop.entity.User">
    insert into user (userId, username, password, 
      regTime, email, telephone
      )
    values (#{userid,jdbcType=INTEGER}, #{username,jdbcType=VARCHAR}, #{password,jdbcType=VARCHAR}, 
      #{regtime,jdbcType=TIMESTAMP}, #{email,jdbcType=VARCHAR}, #{telephone,jdbcType=VARCHAR}
      )
  </insert>
  <insert id="insertSelective" parameterType="com.zhang.ssmschoolshop.entity.User">
    insert into user
    <trim prefix="(" suffix=")" suffixOverrides=",">
      <if test="userid != null">
        userId,
      </if>
      <if test="username != null">
        username,
      </if>
      <if test="password != null">
        password,
      </if>
      <if test="regtime != null">
        regTime,
      </if>
      <if test="email != null">
        email,
      </if>
      <if test="telephone != null">
        telephone,
      </if>
    </trim>
    <trim prefix="values (" suffix=")" suffixOverrides=",">
      <if test="userid != null">
        #{userid,jdbcType=INTEGER},
      </if>
      <if test="username != null">
        #{username,jdbcType=VARCHAR},
      </if>
      <if test="password != null">
        #{password,jdbcType=VARCHAR},
      </if>
      <if test="regtime != null">
        #{regtime,jdbcType=TIMESTAMP},
      </if>
      <if test="email != null">
        #{email,jdbcType=VARCHAR},
      </if>
      <if test="telephone != null">
        #{telephone,jdbcType=VARCHAR},
      </if>
    </trim>
  </insert>
  <select id="countByExample" parameterType="com.zhang.ssmschoolshop.entity.UserExample" resultType="java.lang.Long">
    select count(*) from user
    <if test="_parameter != null">
      <include refid="Example_Where_Clause" />
    </if>
  </select>
  <update id="updateByExampleSelective" parameterType="map">
    update user
    <set>
      <if test="record.userid != null">
        userId = #{record.userid,jdbcType=INTEGER},
      </if>
      <if test="record.username != null">
        username = #{record.username,jdbcType=VARCHAR},
      </if>
      <if test="record.password != null">
        password = #{record.password,jdbcType=VARCHAR},
      </if>
      <if test="record.regtime != null">
        regTime = #{record.regtime,jdbcType=TIMESTAMP},
      </if>
      <if test="record.email != null">
        email = #{record.email,jdbcType=VARCHAR},
      </if>
      <if test="record.telephone != null">
        telephone = #{record.telephone,jdbcType=VARCHAR},
      </if>
    </set>
    <if test="_parameter != null">
      <include refid="Update_By_Example_Where_Clause" />
    </if>
  </update>
  <update id="updateByExample" parameterType="map">
    update user
    set userId = #{record.userid,jdbcType=INTEGER},
      username = #{record.username,jdbcType=VARCHAR},
      password = #{record.password,jdbcType=VARCHAR},
      regTime = #{record.regtime,jdbcType=TIMESTAMP},
      email = #{record.email,jdbcType=VARCHAR},
      telephone = #{record.telephone,jdbcType=VARCHAR}
    <if test="_parameter != null">
      <include refid="Update_By_Example_Where_Clause" />
    </if>
  </update>
  <update id="updateByPrimaryKeySelective" parameterType="com.zhang.ssmschoolshop.entity.User">
    update user
    <set>
      <if test="username != null">
        username = #{username,jdbcType=VARCHAR},
      </if>
      <if test="password != null">
        password = #{password,jdbcType=VARCHAR},
      </if>
      <if test="regtime != null">
        regTime = #{regtime,jdbcType=TIMESTAMP},
      </if>
      <if test="email != null">
        email = #{email,jdbcType=VARCHAR},
      </if>
      <if test="telephone != null">
        telephone = #{telephone,jdbcType=VARCHAR},
      </if>
    </set>
    where userId = #{userid,jdbcType=INTEGER}
  </update>
  <update id="updateByPrimaryKey" parameterType="com.zhang.ssmschoolshop.entity.User">
    update user
    set username = #{username,jdbcType=VARCHAR},
      password = #{password,jdbcType=VARCHAR},
      regTime = #{regtime,jdbcType=TIMESTAMP},
      email = #{email,jdbcType=VARCHAR},
      telephone = #{telephone,jdbcType=VARCHAR}
    where userId = #{userid,jdbcType=INTEGER}
  </update>
</mapper>