<?xml version="1.0" encoding="UTF-8"?>
<!DOCTYPE mapper
    PUBLIC "-//mybatis.org//DTD Mapper 3.0//EN"
    "http://mybatis.org/dtd/mybatis-3-mapper.dtd">

<mapper namespace="cn.sfturing.dao.CommonUserDao">
	<!-- 查找用户，通过id、email、userName、phone -->
	<select id="findCommonUserByUserId" resultType="cn.sfturing.entity.CommonUser"
		parameterType="int">
		SELECT * FROM commonuser WHERE user_id = #{userId}
	</select>
	<select id="findCommonUserByUserIdenf" resultType="cn.sfturing.entity.CommonUser"
		parameterType="java.lang.String">
		SELECT * FROM commonuser WHERE user_idenf = #{userIdenf}
	</select>
	<select id="findCommonUserByUserName" resultType="cn.sfturing.entity.CommonUser"
		parameterType="java.lang.String">
		SELECT * FROM commonuser WHERE user_name = #{userName}
	</select>
	<select id="findCommonUserByMobile" resultType="cn.sfturing.entity.CommonUser"
		parameterType="java.lang.String">
		SELECT * FROM commonuser WHERE user_mobile =
		#{userMobile}
	</select>
	<select id="findCommonUserByEmail" resultType="cn.sfturing.entity.CommonUser"
		parameterType="java.lang.String">
		SELECT * FROM commonuser WHERE user_email = #{userEmail}
	</select>
	<!-- 插入用户 -->
	<insert id="insertCommonUser">
		INSERT INTO commonuser
		(user_email,user_password,reg_ip,update_time)
		VALUE
		(#{userEmail},#{userPassword},#{regIp},#{updateTime})
	</insert>

	<!-- 删除用户(假删除) -->
	<update id="deleteCommonUser">
		UPDATE  commonuser SET
		isDelete=1
		WHERE id = #{id}
	</update>
	<update id="deleteCommonUserByIdenf">
		UPDATE  commonuser SET
		isDelete=1
		WHERE user_idenf
		=
		#{userIdenf}
	</update>

	<!-- 更新用户 更改密码、更改邮箱、更改手机（用户个人中心修改） -->
	<update id="modifyPassWord">
		UPDATE commonuser SET
		user_passWord=#{newPassWord}
		WHERE
		user_email=#{userEmail}
	</update>
	<!-- <update id="modifyEmail"> UPDATE commonuser SET user_email=#{newEmail} 
		WHERE user_idenf=#{userIdenf} </update> -->
	<update id="modifyPhone">
		UPDATE commonuser SET
		user_mobile=#{newPhone}
		WHERE
		user_email=#{userEmail}
	</update>
	
	<update id="modifySex">
		UPDATE commonuser SET
		user_sex=#{userSex}
		WHERE
		user_id=#{userId}
	</update>

	<!-- 更新验证码并设置发送时间 -->
	<update id="sendVerification">
		UPDATE commonuser SET
		verification_code =
		#{verificationCode},update_time = #{updateTime}
		WHERE
		user_email=#{userEmail}
	</update>

	<!-- 更新验证码并设置发送时间 -->
	<update id="clearVerification">
		UPDATE commonuser SET
		verification_code = '0000'
		WHERE
		user_email=#{userEmail}
	</update>

	<!-- 激活用户 -->
	<update id="activateUser">
		UPDATE commonuser SET
		status=1
		WHERE
		user_email=#{userEmail}
	</update>

	<!-- 更新用户登录信息以及ip信息 -->
	<update id="modifyIpAndTime">
		UPDATE commonuser SET
		last_login_time
		=#{lastLoginTime},last_login_ip=#{lastLoginIp}
		WHERE
		user_email=#{userEmail}
	</update>

	<update id="addUserInfo">
		UPDATE commonuser SET
		user_idenf
		=#{userIdenf},user_name=#{userName},user_mobile=#{userMobile},user_sex=#{userSex}
		WHERE
		user_email=#{userEmail}
	</update>


</mapper>