<?xml version="1.0" encoding="UTF-8" ?>
<!DOCTYPE generatorConfiguration
        PUBLIC "-//mybatis.org//DTD MyBatis Generator Configuration 1.0//EN"
        "http://mybatis.org/dtd/mybatis-generator-config_1_0.dtd">

<generatorConfiguration>

    <context id="DB2Tables" targetRuntime="MyBatis3">

        <commentGenerator>
            <property name="suppressAllComments" value="true" />
        </commentGenerator>

        <!--配置数据库连接信息-->
        <jdbcConnection driverClass="com.mysql.jdbc.Driver"
                        connectionURL="jdbc:mysql://localhost:3306/db_shopmaster?useUnicode=true&amp;characterEncoding=utf-8&amp;zeroDateTimeBehavior=convertToNull"
                        userId="root"
                        password="123456">
        </jdbcConnection>

        <javaTypeResolver >
            <property name="forceBigDecimals" value="false" />
        </javaTypeResolver>

        <javaModelGenerator targetPackage="com.zhang.ssmschoolshop.entity" targetProject=".\src\main\java">
            <property name="enableSubPackages" value="true" />
            <property name="trimStrings" value="true" />
        </javaModelGenerator>

        <!--xml-->
        <sqlMapGenerator targetPackage="mapper"  targetProject=".\src\main\resources">
            <property name="enableSubPackages" value="true" />
        </sqlMapGenerator>

        <!--dao接口-->
        <javaClientGenerator type="XMLMAPPER" targetPackage="com.zhang.ssmschoolshop.dao"  targetProject=".\src\main\java">
            <property name="enableSubPackages" value="true" />
        </javaClientGenerator>

        <!--指定哪个表的生成策略-->
        <table tableName="indent" domainObjectName="Order" ></table>
    </context>
</generatorConfiguration>
