<?xml version="1.0" encoding="UTF-8"?>
<beans xmlns="http://www.springframework.org/schema/beans"
	xmlns:context="http://www.springframework.org/schema/context"
	xmlns:xsi="http://www.w3.org/2001/XMLSchema-instance"
	xsi:schemaLocation="http://www.springframework.org/schema/beans 
	http://www.springframework.org/schema/beans/spring-beans-3.0.xsd
	http://www.springframework.org/schema/context
	http://www.springframework.org/schema/context/spring-context-3.0.xsd">
	
	<!-- 注解的探测器 -->
	<context:component-scan base-package="com.ssm"></context:component-scan>

	<!-- annotation默认的方法映射适配器 -->
	<bean id="handlerMapping"
		class="org.springframework.web.servlet.mvc.annotation.DefaultAnnotationHandlerMapping" />
	<bean id="handlerAdapter"
		class="org.springframework.web.servlet.mvc.annotation.AnnotationMethodHandlerAdapter" />
	
	
	<!-- 视图解析器 -->
	<bean
		class="org.springframework.web.servlet.view.InternalResourceViewResolver">
		<!-- 前缀 -->
		<property name="prefix" value="/"></property>
		<!-- 后缀 -->
		<property name="suffix" value=".jsp"></property>
	</bean>
	
	<!-- SpringMVC和Spring整合 -->
	<import resource="classpath:applicationContext.xml"/>
	
	
	
</beans>