<?xml version="1.0" encoding="UTF-8"?>
<!DOCTYPE mapper PUBLIC "-//mybatis.org//DTD Mapper 3.0//EN" "http://mybatis.org/dtd/mybatis-3-mapper.dtd">
<mapper namespace="com.zhang.ssmschoolshop.dao.DeliverMapper">
  <resultMap id="BaseResultMap" type="com.zhang.ssmschoolshop.entity.Deliver">
    <id column="deliverId" jdbcType="INTEGER" property="deliverid" />
    <result column="orderId" jdbcType="INTEGER" property="orderid" />
    <result column="sendId" jdbcType="INTEGER" property="sendid" />
  </resultMap>
  <sql id="Example_Where_Clause">
    <where>
      <foreach collection="oredCriteria" item="criteria" separator="or">
        <if test="criteria.valid">
          <trim prefix="(" prefixOverrides="and" suffix=")">
            <foreach collection="criteria.criteria" item="criterion">
              <choose>
                <when test="criterion.noValue">
                  and ${criterion.condition}
                </when>
                <when test="criterion.singleValue">
                  and ${criterion.condition} #{criterion.value}
                </when>
                <when test="criterion.betweenValue">
                  and ${criterion.condition} #{criterion.value} and #{criterion.secondValue}
                </when>
                <when test="criterion.listValue">
                  and ${criterion.condition}
                  <foreach close=")" collection="criterion.value" item="listItem" open="(" separator=",">
                    #{listItem}
                  </foreach>
                </when>
              </choose>
            </foreach>
          </trim>
        </if>
      </foreach>
    </where>
  </sql>
  <sql id="Update_By_Example_Where_Clause">
    <where>
      <foreach collection="example.oredCriteria" item="criteria" separator="or">
        <if test="criteria.valid">
          <trim prefix="(" prefixOverrides="and" suffix=")">
            <foreach collection="criteria.criteria" item="criterion">
              <choose>
                <when test="criterion.noValue">
                  and ${criterion.condition}
                </when>
                <when test="criterion.singleValue">
                  and ${criterion.condition} #{criterion.value}
                </when>
                <when test="criterion.betweenValue">
                  and ${criterion.condition} #{criterion.value} and #{criterion.secondValue}
                </when>
                <when test="criterion.listValue">
                  and ${criterion.condition}
                  <foreach close=")" collection="criterion.value" item="listItem" open="(" separator=",">
                    #{listItem}
                  </foreach>
                </when>
              </choose>
            </foreach>
          </trim>
        </if>
      </foreach>
    </where>
  </sql>
  <sql id="Base_Column_List">
    deliverId, orderId, sendId
  </sql>
  <select id="selectByExample" parameterType="com.zhang.ssmschoolshop.entity.DeliverExample" resultMap="BaseResultMap">
    select
    <if test="distinct">
      distinct
    </if>
    <include refid="Base_Column_List" />
    from deliver
    <if test="_parameter != null">
      <include refid="Example_Where_Clause" />
    </if>
    <if test="orderByClause != null">
      order by ${orderByClause}
    </if>
  </select>
  <select id="selectByPrimaryKey" parameterType="java.lang.Integer" resultMap="BaseResultMap">
    select 
    <include refid="Base_Column_List" />
    from deliver
    where deliverId = #{deliverid,jdbcType=INTEGER}
  </select>
  <delete id="deleteByPrimaryKey" parameterType="java.lang.Integer">
    delete from deliver
    where deliverId = #{deliverid,jdbcType=INTEGER}
  </delete>
  <delete id="deleteByExample" parameterType="com.zhang.ssmschoolshop.entity.DeliverExample">
    delete from deliver
    <if test="_parameter != null">
      <include refid="Example_Where_Clause" />
    </if>
  </delete>
  <insert id="insert" parameterType="com.zhang.ssmschoolshop.entity.Deliver">
    insert into deliver (deliverId, orderId, sendId
      )
    values (#{deliverid,jdbcType=INTEGER}, #{orderid,jdbcType=INTEGER}, #{sendid,jdbcType=INTEGER}
      )
  </insert>
  <insert id="insertSelective" parameterType="com.zhang.ssmschoolshop.entity.Deliver">
    insert into deliver
    <trim prefix="(" suffix=")" suffixOverrides=",">
      <if test="deliverid != null">
        deliverId,
      </if>
      <if test="orderid != null">
        orderId,
      </if>
      <if test="sendid != null">
        sendId,
      </if>
    </trim>
    <trim prefix="values (" suffix=")" suffixOverrides=",">
      <if test="deliverid != null">
        #{deliverid,jdbcType=INTEGER},
      </if>
      <if test="orderid != null">
        #{orderid,jdbcType=INTEGER},
      </if>
      <if test="sendid != null">
        #{sendid,jdbcType=INTEGER},
      </if>
    </trim>
  </insert>
  <select id="countByExample" parameterType="com.zhang.ssmschoolshop.entity.DeliverExample" resultType="java.lang.Long">
    select count(*) from deliver
    <if test="_parameter != null">
      <include refid="Example_Where_Clause" />
    </if>
  </select>
  <update id="updateByExampleSelective" parameterType="map">
    update deliver
    <set>
      <if test="record.deliverid != null">
        deliverId = #{record.deliverid,jdbcType=INTEGER},
      </if>
      <if test="record.orderid != null">
        orderId = #{record.orderid,jdbcType=INTEGER},
      </if>
      <if test="record.sendid != null">
        sendId = #{record.sendid,jdbcType=INTEGER},
      </if>
    </set>
    <if test="_parameter != null">
      <include refid="Update_By_Example_Where_Clause" />
    </if>
  </update>
  <update id="updateByExample" parameterType="map">
    update deliver
    set deliverId = #{record.deliverid,jdbcType=INTEGER},
      orderId = #{record.orderid,jdbcType=INTEGER},
      sendId = #{record.sendid,jdbcType=INTEGER}
    <if test="_parameter != null">
      <include refid="Update_By_Example_Where_Clause" />
    </if>
  </update>
  <update id="updateByPrimaryKeySelective" parameterType="com.zhang.ssmschoolshop.entity.Deliver">
    update deliver
    <set>
      <if test="orderid != null">
        orderId = #{orderid,jdbcType=INTEGER},
      </if>
      <if test="sendid != null">
        sendId = #{sendid,jdbcType=INTEGER},
      </if>
    </set>
    where deliverId = #{deliverid,jdbcType=INTEGER}
  </update>
  <update id="updateByPrimaryKey" parameterType="com.zhang.ssmschoolshop.entity.Deliver">
    update deliver
    set orderId = #{orderid,jdbcType=INTEGER},
      sendId = #{sendid,jdbcType=INTEGER}
    where deliverId = #{deliverid,jdbcType=INTEGER}
  </update>
</mapper>