<?xml version="1.0" encoding="UTF-8"?>
<beans xmlns="http://www.springframework.org/schema/beans"
	xmlns:xsi="http://www.w3.org/2001/XMLSchema-instance" xmlns:context="http://www.springframework.org/schema/context"
	xmlns:tx="http://www.springframework.org/schema/tx"
	xmlns:task="http://www.springframework.org/schema/task"
	xsi:schemaLocation="http://www.springframework.org/schema/beans
	http://www.springframework.org/schema/beans/spring-beans.xsd
	http://www.springframework.org/schema/context
	http://www.springframework.org/schema/context/spring-context.xsd
	http://www.springframework.org/schema/tx
	http://www.springframework.org/schema/tx/spring-tx.xsd
	http://www.springframework.org/schema/task
    http://www.springframework.org/schema/task/spring-task-3.0.xsd">
	<!-- 扫描service包下所有使用注解的类型 -->
	<context:component-scan base-package="cn.sfturing.service" />
	<!-- 配置事务管理器 -->
	<bean id="transactionManager"
		class="org.springframework.jdbc.datasource.DataSourceTransactionManager">
		<!-- 注入数据库连接池 -->
		<property name="dataSource" ref="dataSource" />
	</bean>

	<!-- 配置基于注解的声明式事务 -->
	<tx:annotation-driven transaction-manager="transactionManager" />
	<task:annotation-driven scheduler="qbScheduler"
		mode="proxy" />
	<task:scheduler id="qbScheduler" pool-size="10" />
	<context:component-scan base-package="cn.sfturing.scheduler" />


</beans>